Timestamp,Team Name,Status,Campaign Count,Error Message
2026-02-07 17:03:18,Akshata_Clients,Success,6,
2026-02-07 18:02:34,Anagha_Clients,Success,5,
2026-02-07 18:04:14,Anil_Clients,Success,4,
2026-02-07 19:02:07,Aditya_Clients,Success,9,
2026-02-07 19:02:56,Aryan_Clients,Success,11,
2026-02-07 19:05:36,Chandrika_Clients,Success,4,
2026-02-07 19:08:40,Dipika_Clients,Success,3,
2026-02-07 19:10:33,Gayatri_Clients,Success,2,
2026-02-07 19:13:36,Hiral_Clients,Success,4,
2026-02-07 19:15:28,Kajal_Clients,Success,2,
2026-02-07 20:04:45,B2C,Success,32,
2026-02-07 23:02:09,Ankita_Clients,Success,7,
2026-02-07 23:03:54,Kishan_Clients,Success,3,
2026-02-08 01:03:22,Kashish_Clients,Success,13,
2026-02-08 03:03:21,Likhita_Clients,Success,14,
2026-02-08 03:06:02,Manya_Clients,Success,6,
2026-02-08 03:07:42,Mehnaz_Clients,Success,3,
2026-02-08 04:01:49,Linkedin_Clients,Success,7,
2026-02-08 09:01:48,Parth_Clients,Success,10,
2026-02-08 11:01:45,Nisha_Clients,Success,14,
2026-02-08 11:02:03,Kalidasa_Clients,Success,25,
2026-02-08 11:03:42,Pradeep_Clients,Success,3,
2026-02-08 11:05:23,Rasika_Clients,Success,3,
2026-02-08 11:05:48,Rashi_Clients,Success,11,
2026-02-08 11:07:06,Riya_Clients,Success,1,
2026-02-08 11:09:26,Ruby_Clients,Success,4,
2026-02-08 11:11:25,Sagar_Clients,Success,2,
2026-02-08 11:12:30,Shridhar_Clients,Success,0,
2026-02-08 11:14:28,Sibin_Clients,Success,3,
2026-02-08 16:02:28,Siddesh_Clients,Success,12,
2026-02-08 16:04:32,Sukanya_Clients,Success,3,
2026-02-08 20:01:56,Ritika_Clients,Success,9,
2026-02-08 20:02:00,Sumanth_Clients,Success,10,
2026-02-08 20:04:24,Vishal_Clients,Success,4,
2026-02-08 21:02:13,Piyush_Clients,Success,22,
2026-02-09 06:01:47,Abhishek_Clients,Success,15,
